<?xml version="1.0" encoding="UTF-8"?>

<mule xmlns:ee="http://www.mulesoft.org/schema/mule/ee/core" xmlns:http="http://www.mulesoft.org/schema/mule/http"
	xmlns="http://www.mulesoft.org/schema/mule/core"
	xmlns:doc="http://www.mulesoft.org/schema/mule/documentation" xmlns:xsi="http://www.w3.org/2001/XMLSchema-instance" xsi:schemaLocation="http://www.mulesoft.org/schema/mule/core http://www.mulesoft.org/schema/mule/core/current/mule.xsd
http://www.mulesoft.org/schema/mule/http http://www.mulesoft.org/schema/mule/http/current/mule-http.xsd
http://www.mulesoft.org/schema/mule/ee/core http://www.mulesoft.org/schema/mule/ee/core/current/mule-ee.xsd">
	<http:listener-config name="HTTP_Listener_config" doc:name="HTTP Listener config" doc:id="4194f392-347d-4bc3-81b9-5cb16d479ad4" >
		<http:listener-connection host="0.0.0.0" port="8081" />
	</http:listener-config>
	<flow name="ci-cd-sampleFlow" doc:id="349c47a5-2c86-469e-866f-c5105057d99b" >
		<http:listener doc:name="Listener" doc:id="25235a16-30d7-43c8-b1ab-6c85c76dc4ce" config-ref="HTTP_Listener_config" path="/hello"/>
		<ee:transform doc:name="Transform Message" doc:id="b97adc2d-e3a5-455d-a196-38834a39ee09" >
			<ee:message >
				<ee:set-payload ><![CDATA[%dw 2.0
output application/json
---
{
	"Message":"Welcome"
}]]></ee:set-payload>
			</ee:message>
		</ee:transform>
	</flow>
</mule>
